Workbook

Sheet Avaliações por Critério
A1: Critério | B1: Prompt # | C1: Modelo | D1: Tempo de Resposta (s) | E1: Custo (tokens) | F1: Clareza | G1: Legibilidade | H1: Precisão | I1: Eficácia | J1: Completude | K1: Média Qualitativa | L1: Observações
A3: Geração de código | B3: Prompt 1 | C3: ChatGPT | D3: 4.7777805 | E3: 278 | F3: 4 | G3: 5 | H3: 4 | I3: 3 | J3: 4 | K3: =AVERAGE(F3:J3) -> 4
A4: Geração de código | B4: Prompt 1 | C4: Gemini | D4: 12.973252 | E4: 2728 | F4: 5 | G4: 4 | H4: 5 | I4: 5 | J4: 5 | K4: =AVERAGE(F4:J4) -> 4.8
A5: Geração de código | B5: Prompt 2 | C5: ChatGPT | D5: 6.672101 | E5: 539 | F5: 4 | G5: 3 | H5: 4 | I5: 2 | J5: 3 | K5: =AVERAGE(F5:J5) -> 3.2
A6: Geração de código | B6: Prompt 2 | C6: Gemini | D6: =27.0161156654357 -> 27.016116 | E6: 6087 | F6: 2 | G6: 1 | H6: 4 | I6: 4 | J6: 4 | K6: =AVERAGE(F6:J6) -> 3
A7: Geração de código | B7: Prompt 3 | C7: ChatGPT | D7: 8.9151785 | E7: 534 | F7: 5 | G7: 5 | H7: 4 | I7: 4 | J7: 4 | K7: =AVERAGE(F7:J7) -> 4.4
A8: Geração de código | B8: Prompt 3 | C8: Gemini | D8: =20.206713438034 -> 20.206713 | E8: 3774 | F8: 2 | G8: 2 | H8: 5 | I8: 4 | J8: 5 | K8: =AVERAGE(F8:J8) -> 3.6
A9: Geração de código | B9: Prompt 4 | C9: ChatGPT | D9: 11.401525 | E9: 474 | F9: 4 | G9: 2 | H9: 4 | I9: 3 | J9: 4 | K9: =AVERAGE(F9:J9) -> 3.4
A10: Geração de código | B10: Prompt 4 | C10: Gemini | D10: 26.795651 | E10: 4603 | F10: 5 | G10: 3 | H10: 4 | I10: 4 | J10: 5 | K10: =AVERAGE(F10:J10) -> 4.2
A11: Geração de código | B11: Prompt 5 | C11: ChatGPT | D11: 16.545831 | E11: 1296 | F11: 1 | G11: 2 | H11: 2 | I11: 3 | J11: 3 | K11: =AVERAGE(F11:J11) -> 2.2
A12: Geração de código | B12: Prompt 5 | C12: Gemini | D12: =29.9051523208618 -> 29.905152 | E12: 6481 | F12: 5 | G12: 5 | H12: 5 | I12: 5 | J12: 5 | K12: =AVERAGE(F12:J12) -> 5
A13: Geração de código | B13: Prompt 6 | C13: ChatGPT | D13: 14.993374 | E13: 1130 | F13: 2 | G13: 2 | H13: 2 | I13: 3 | J13: 3 | K13: =AVERAGE(F13:J13) -> 2.4
A14: Geração de código | B14: Prompt 6 | C14: Gemini | D14: =29.4951126575469 -> 29.495113 | E14: 6290 | F14: 5 | G14: 5 | H14: 5 | I14: 5 | J14: 5 | K14: =AVERAGE(F14:J14) -> 5
A15: Depuração e análise de erros | B15: Prompt 1 | C15: ChatGPT | D15: =5.4935975074768 -> 5.4935975 | E15: =296 -> 296 | F15: 4 | G15: 3 | H15: 4 | I15: 4 | J15: 4 | K15: =AVERAGE(F15:J15) -> 3.8
A16: Depuração e análise de erros | B16: Prompt 1 | C16: Gemini | D16: =11.5122606754302 -> 11.512261 | E16: =2103 -> 2103 | F16: 3 | G16: 3 | H16: 4 | I16: 3 | J16: 5 | K16: =AVERAGE(F16:J16) -> 3.6
A17: Depuração e análise de erros | B17: Prompt 2 | C17: ChatGPT | D17: =7.4608724117279 -> 7.4608724 | E17: =487 -> 487 | F17: 2 | G17: 3 | H17: 3 | I17: 3 | J17: 3 | K17: =AVERAGE(F17:J17) -> 2.8
A18: Depuração e análise de erros | B18: Prompt 2 | C18: Gemini | D18: =17.1405982971191 -> 17.140598 | E18: =3622 -> 3622 | F18: 4 | G18: 4 | H18: 5 | I18: 5 | J18: 5 | K18: =AVERAGE(F18:J18) -> 4.6
A19: Depuração e análise de erros | B19: Prompt 3 | C19: ChatGPT | D19: =5.71562147140502 -> 5.7156215 | E19: =587 -> 587 | F19: 5 | G19: 5 | H19: 5 | I19: 5 | J19: 5 | K19: =AVERAGE(F19:J19) -> 5
A20: Depuração e análise de erros | B20: Prompt 3 | C20: Gemini | D20: =13.7225394248962 -> 13.722539 | E20: =2453 -> 2453 | F20: 3 | G20: 3 | H20: 3 | I20: 3 | J20: 5 | K20: =AVERAGE(F20:J20) -> 3.4
A21: Depuração e análise de erros | B21: Prompt 4 | C21: ChatGPT | D21: =4.62438702583313 -> 4.624387 | E21: =407 -> 407 | F21: 4 | G21: 4 | H21: 4 | I21: 4 | J21: 3 | K21: =AVERAGE(F21:J21) -> 3.8
A22: Depuração e análise de erros | B22: Prompt 4 | C22: Gemini | D22: =11.742113828659 -> 11.742114 | E22: =2308 -> 2308 | F22: 5 | G22: 2 | H22: 5 | I22: 5 | J22: 4 | K22: =AVERAGE(F22:J22) -> 4.2
A23: Depuração e análise de erros | B23: Prompt 5 | C23: ChatGPT | D23: =5.17098975181579 -> 5.1709898 | E23: =409 -> 409 | F23: 4 | G23: 4 | H23: 5 | I23: 5 | J23: 5 | K23: =AVERAGE(F23:J23) -> 4.6
A24: Depuração e análise de erros | B24: Prompt 5 | C24: Gemini | D24: =9.23040223121643 -> 9.2304022 | E24: =2015 -> 2015 | F24: 5 | G24: 3 | H24: 3 | I24: 3 | J24: 5 | K24: =AVERAGE(F24:J24) -> 3.8
A25: Depuração e análise de erros | B25: Prompt 6 | C25: ChatGPT | D25: =9.50118470191955 -> 9.5011847 | E25: =567 -> 567 | F25: 3 | G25: 2 | H25: 4 | I25: 4 | J25: 4 | K25: =AVERAGE(F25:J25) -> 3.4
A26: Depuração e análise de erros | B26: Prompt 6 | C26: Gemini | D26: =13.8931121826171 -> 13.893112 | E26: =2884 -> 2884 | F26: 5 | G26: 5 | H26: 5 | I26: 5 | J26: 5 | K26: =AVERAGE(F26:J26) -> 5
A27: Compreensão de código | B27: Prompt 1 | C27: ChatGPT | D27: =9.44440984725952 -> 9.4444098 | E27: =594 -> 594 | F27: 4 | G27: 5 | H27: 4 | I27: 4 | J27: 4 | K27: =AVERAGE(F27:J27) -> 4.2
A28: Compreensão de código | B28: Prompt 1 | C28: Gemini | D28: =18.1894650459289 -> 18.189465 | E28: =3461 -> 3461 | F28: 5 | G28: 5 | H28: 5 | I28: 5 | J28: 5 | K28: =AVERAGE(F28:J28) -> 5
A29: Compreensão de código | B29: Prompt 2 | C29: ChatGPT | D29: =10.6401486396789 -> 10.640149 | E29: =792 -> 792 | F29: 4 | G29: 4 | H29: 4 | I29: 4 | J29: 5 | K29: =AVERAGE(F29:J29) -> 4.2
A30: Compreensão de código | B30: Prompt 2 | C30: Gemini | D30: =15.7506413459777 -> 15.750641 | E30: =3739 -> 3739 | F30: 5 | G30: 3 | H30: 5 | I30: 4 | J30: 5 | K30: =AVERAGE(F30:J30) -> 4.4
A31: Compreensão de código | B31: Prompt 3 | C31: ChatGPT | D31: =9.42396879196167 -> 9.4239688 | E31: =564 -> 564 | F31: 5 | G31: 5 | H31: 4 | I31: 5 | J31: 5 | K31: =AVERAGE(F31:J31) -> 4.8
A32: Compreensão de código | B32: Prompt 3 | C32: Gemini | D32: =12.0713942050933 -> 12.071394 | E32: =2809 -> 2809 | F32: 4 | G32: 3 | H32: 5 | I32: 4 | J32: 5 | K32: =AVERAGE(F32:J32) -> 4.2
A33: Compreensão de código | B33: Prompt 4 | C33: ChatGPT | D33: =5.44181251525878 -> 5.4418125 | E33: =438 -> 438 | F33: 4 | G33: 3 | H33: 4 | I33: 3 | J33: 4 | K33: =AVERAGE(F33:J33) -> 3.6
A34: Compreensão de código | B34: Prompt 4 | C34: Gemini | D34: =10.6061737537384 -> 10.606174 | E34: =2204 -> 2204 | F34: 4 | G34: 4 | H34: 5 | I34: 4 | J34: 5 | K34: =AVERAGE(F34:J34) -> 4.4
A35: Compreensão de código | B35: Prompt 5 | C35: ChatGPT | D35: =8.99216413497924 -> 8.9921641 | E35: =607 -> 607 | F35: 4 | G35: 4 | H35: 4 | I35: 4 | J35: 4 | K35: =AVERAGE(F35:J35) -> 4
A36: Compreensão de código | B36: Prompt 5 | C36: Gemini | D36: =12.804221868515 -> 12.804222 | E36: =2713 -> 2713 | F36: 5 | G36: 3 | H36: 5 | I36: 5 | J36: 5 | K36: =AVERAGE(F36:J36) -> 4.6
A37: Compreensão de código | B37: Prompt 6 | C37: ChatGPT | D37: =14.4236648082733 -> 14.423665 | E37: =1170 -> 1170 | F37: 5 | G37: 5 | H37: 5 | I37: 5 | J37: 4 | K37: =AVERAGE(F37:J37) -> 4.8
A38: Compreensão de código | B38: Prompt 6 | C38: Gemini | D38: =17.3012948036193 -> 17.301295 | E38: =3858 -> 3858 | F38: 3 | G38: 2 | H38: 5 | I38: 3 | J38: 5 | K38: =AVERAGE(F38:J38) -> 3.6

Sheet Médias
A1: Critérios | B1: Modelos | C1: Tempo de Resposta (s) | D1: Custo (tokens) | E1: Clareza | F1: Legibilidade | G1: Precisão | H1: Eficácia | I1: Completude | J1: Média Qualitativa
A3: Geração de código | B3: ChatGPT | C3: =AVERAGE('Avaliações por Critério'!D3,'Avaliações por Critério'!D5,'Avaliações por Critério'!D7,'Avaliações por Critério'!D9,'Avaliações por Critério'!D11,'Avaliações por Critério'!D13) -> 10.550965 | D3: =AVERAGE('Avaliações por Critério'!E3,'Avaliações por Critério'!E5,'Avaliações por Critério'!E7,'Avaliações por Critério'!E9,'Avaliações por Critério'!E11,'Avaliações por Critério'!E13) -> 708.5 | E3: =AVERAGE('Avaliações por Critério'!F3,'Avaliações por Critério'!F5,'Avaliações por Critério'!F7,'Avaliações por Critério'!F9,'Avaliações por Critério'!F11,'Avaliações por Critério'!F13) -> 3.3333333 | F3: =AVERAGE('Avaliações por Critério'!G3,'Avaliações por Critério'!G5,'Avaliações por Critério'!G7,'Avaliações por Critério'!G9,'Avaliações por Critério'!G11,'Avaliações por Critério'!G13) -> 3.1666667 | G3: =AVERAGE('Avaliações por Critério'!H3,'Avaliações por Critério'!H5,'Avaliações por Critério'!H7,'Avaliações por Critério'!H9,'Avaliações por Critério'!H11,'Avaliações por Critério'!H13) -> 3.3333333 | H3: =AVERAGE('Avaliações por Critério'!I3,'Avaliações por Critério'!I5,'Avaliações por Critério'!I7,'Avaliações por Critério'!I9,'Avaliações por Critério'!I11,'Avaliações por Critério'!I13) -> 3 | I3: =AVERAGE('Avaliações por Critério'!J3,'Avaliações por Critério'!J5,'Avaliações por Critério'!J7,'Avaliações por Critério'!J9,'Avaliações por Critério'!J11,'Avaliações por Critério'!J13) -> 3.5 | J3: =AVERAGE(E3:I3) -> 3.2666667
B4: Gemini | C4: =AVERAGE('Avaliações por Critério'!D4,'Avaliações por Critério'!D6,'Avaliações por Critério'!D8,'Avaliações por Critério'!D10,'Avaliações por Critério'!D12,'Avaliações por Critério'!D14) -> 24.398666 | D4: =AVERAGE('Avaliações por Critério'!E4,'Avaliações por Critério'!E6,'Avaliações por Critério'!E8,'Avaliações por Critério'!E10,'Avaliações por Critério'!E12,'Avaliações por Critério'!E14) -> 4993.8333 | E4: =AVERAGE('Avaliações por Critério'!F4,'Avaliações por Critério'!F6,'Avaliações por Critério'!F8,'Avaliações por Critério'!F10,'Avaliações por Critério'!F12,'Avaliações por Critério'!F14) -> 4 | F4: =AVERAGE('Avaliações por Critério'!G4,'Avaliações por Critério'!G6,'Avaliações por Critério'!G8,'Avaliações por Critério'!G10,'Avaliações por Critério'!G12,'Avaliações por Critério'!G14) -> 3.3333333 | G4: =AVERAGE('Avaliações por Critério'!H4,'Avaliações por Critério'!H6,'Avaliações por Critério'!H8,'Avaliações por Critério'!H10,'Avaliações por Critério'!H12,'Avaliações por Critério'!H14) -> 4.6666667 | H4: =AVERAGE('Avaliações por Critério'!I4,'Avaliações por Critério'!I6,'Avaliações por Critério'!I8,'Avaliações por Critério'!I10,'Avaliações por Critério'!I12,'Avaliações por Critério'!I14) -> 4.5 | I4: =AVERAGE('Avaliações por Critério'!J4,'Avaliações por Critério'!J6,'Avaliações por Critério'!J8,'Avaliações por Critério'!J10,'Avaliações por Critério'!J12,'Avaliações por Critério'!J14) -> 4.8333333 | J4: =AVERAGE(E4:I4) -> 4.2666667
A5: Depuração e análise de erros | B5: ChatGPT | C5: =AVERAGE('Avaliações por Critério'!D15,'Avaliações por Critério'!D17,'Avaliações por Critério'!D19,'Avaliações por Critério'!D21,'Avaliações por Critério'!D23,'Avaliações por Critério'!D25) -> 6.3277755 | D5: =AVERAGE('Avaliações por Critério'!E15,'Avaliações por Critério'!E17,'Avaliações por Critério'!E19,'Avaliações por Critério'!E21,'Avaliações por Critério'!E23,'Avaliações por Critério'!E25) -> 458.83333 | E5: =AVERAGE('Avaliações por Critério'!F15,'Avaliações por Critério'!F17,'Avaliações por Critério'!F19,'Avaliações por Critério'!F21,'Avaliações por Critério'!F23,'Avaliações por Critério'!F25) -> 3.6666667 | F5: =AVERAGE('Avaliações por Critério'!G15,'Avaliações por Critério'!G17,'Avaliações por Critério'!G19,'Avaliações por Critério'!G21,'Avaliações por Critério'!G23,'Avaliações por Critério'!G25) -> 3.5 | G5: =AVERAGE('Avaliações por Critério'!H15,'Avaliações por Critério'!H17,'Avaliações por Critério'!H19,'Avaliações por Critério'!H21,'Avaliações por Critério'!H23,'Avaliações por Critério'!H25) -> 4.1666667 | H5: =AVERAGE('Avaliações por Critério'!I15,'Avaliações por Critério'!I17,'Avaliações por Critério'!I19,'Avaliações por Critério'!I21,'Avaliações por Critério'!I23,'Avaliações por Critério'!I25) -> 4.1666667 | I5: =AVERAGE('Avaliações por Critério'!J15,'Avaliações por Critério'!J17,'Avaliações por Critério'!J19,'Avaliações por Critério'!J21,'Avaliações por Critério'!J23,'Avaliações por Critério'!J25) -> 4 | J5: =AVERAGE(E5:I5) -> 3.9
B6: Gemini | C6: =AVERAGE('Avaliações por Critério'!D16,'Avaliações por Critério'!D18,'Avaliações por Critério'!D20,'Avaliações por Critério'!D22,'Avaliações por Critério'!D24,'Avaliações por Critério'!D26) -> 12.873504 | D6: =AVERAGE('Avaliações por Critério'!E16,'Avaliações por Critério'!E18,'Avaliações por Critério'!E20,'Avaliações por Critério'!E22,'Avaliações por Critério'!E24,'Avaliações por Critério'!E26) -> 2564.1667 | E6: =AVERAGE('Avaliações por Critério'!F16,'Avaliações por Critério'!F18,'Avaliações por Critério'!F20,'Avaliações por Critério'!F22,'Avaliações por Critério'!F24,'Avaliações por Critério'!F26) -> 4.1666667 | F6: =AVERAGE('Avaliações por Critério'!G16,'Avaliações por Critério'!G18,'Avaliações por Critério'!G20,'Avaliações por Critério'!G22,'Avaliações por Critério'!G24,'Avaliações por Critério'!G26) -> 3.3333333 | G6: =AVERAGE('Avaliações por Critério'!H16,'Avaliações por Critério'!H18,'Avaliações por Critério'!H20,'Avaliações por Critério'!H22,'Avaliações por Critério'!H24,'Avaliações por Critério'!H26) -> 4.1666667 | H6: =AVERAGE('Avaliações por Critério'!I16,'Avaliações por Critério'!I18,'Avaliações por Critério'!I20,'Avaliações por Critério'!I22,'Avaliações por Critério'!I24,'Avaliações por Critério'!I26) -> 4 | I6: =AVERAGE('Avaliações por Critério'!J16,'Avaliações por Critério'!J18,'Avaliações por Critério'!J20,'Avaliações por Critério'!J22,'Avaliações por Critério'!J24,'Avaliações por Critério'!J26) -> 4.8333333 | J6: =AVERAGE(E6:I6) -> 4.1
A7: Compreensão de código | B7: ChatGPT | C7: =AVERAGE('Avaliações por Critério'!D27,'Avaliações por Critério'!D29,'Avaliações por Critério'!D31,'Avaliações por Critério'!D33,'Avaliações por Critério'!D35,'Avaliações por Critério'!D37) -> 9.7276948 | D7: =AVERAGE('Avaliações por Critério'!E27,'Avaliações por Critério'!E29,'Avaliações por Critério'!E31,'Avaliações por Critério'!E33,'Avaliações por Critério'!E35,'Avaliações por Critério'!E37) -> 694.16667 | E7: =AVERAGE('Avaliações por Critério'!F27,'Avaliações por Critério'!F29,'Avaliações por Critério'!F31,'Avaliações por Critério'!F33,'Avaliações por Critério'!F35,'Avaliações por Critério'!F37) -> 4.3333333 | F7: =AVERAGE('Avaliações por Critério'!G27,'Avaliações por Critério'!G29,'Avaliações por Critério'!G31,'Avaliações por Critério'!G33,'Avaliações por Critério'!G35,'Avaliações por Critério'!G37) -> 4.3333333 | G7: =AVERAGE('Avaliações por Critério'!H27,'Avaliações por Critério'!H29,'Avaliações por Critério'!H31,'Avaliações por Critério'!H33,'Avaliações por Critério'!H35,'Avaliações por Critério'!H37) -> 4.1666667 | H7: =AVERAGE('Avaliações por Critério'!I27,'Avaliações por Critério'!I29,'Avaliações por Critério'!I31,'Avaliações por Critério'!I33,'Avaliações por Critério'!I35,'Avaliações por Critério'!I37) -> 4.1666667 | I7: =AVERAGE('Avaliações por Critério'!J27,'Avaliações por Critério'!J29,'Avaliações por Critério'!J31,'Avaliações por Critério'!J33,'Avaliações por Critério'!J35,'Avaliações por Critério'!J37) -> 4.3333333 | J7: =AVERAGE(E7:I7) -> 4.2666667
B8: Gemini | C8: =AVERAGE('Avaliações por Critério'!D28,'Avaliações por Critério'!D30,'Avaliações por Critério'!D32,'Avaliações por Critério'!D34,'Avaliações por Critério'!D36,'Avaliações por Critério'!D38) -> 14.453865 | D8: =AVERAGE('Avaliações por Critério'!E28,'Avaliações por Critério'!E30,'Avaliações por Critério'!E32,'Avaliações por Critério'!E34,'Avaliações por Critério'!E36,'Avaliações por Critério'!E38) -> 3130.6667 | E8: =AVERAGE('Avaliações por Critério'!F28,'Avaliações por Critério'!F30,'Avaliações por Critério'!F32,'Avaliações por Critério'!F34,'Avaliações por Critério'!F36,'Avaliações por Critério'!F38) -> 4.3333333 | F8: =AVERAGE('Avaliações por Critério'!G28,'Avaliações por Critério'!G30,'Avaliações por Critério'!G32,'Avaliações por Critério'!G34,'Avaliações por Critério'!G36,'Avaliações por Critério'!G38) -> 3.3333333 | G8: =AVERAGE('Avaliações por Critério'!H28,'Avaliações por Critério'!H30,'Avaliações por Critério'!H32,'Avaliações por Critério'!H34,'Avaliações por Critério'!H36,'Avaliações por Critério'!H38) -> 5 | H8: =AVERAGE('Avaliações por Critério'!I28,'Avaliações por Critério'!I30,'Avaliações por Critério'!I32,'Avaliações por Critério'!I34,'Avaliações por Critério'!I36,'Avaliações por Critério'!I38) -> 4.1666667 | I8: =AVERAGE('Avaliações por Critério'!J28,'Avaliações por Critério'!J30,'Avaliações por Critério'!J32,'Avaliações por Critério'!J34,'Avaliações por Critério'!J36,'Avaliações por Critério'!J38) -> 5 | J8: =AVERAGE(E8:I8) -> 4.3666667
B11: Modelos | C11: Tempo de Resposta (s) | D11: Custo (tokens) | E11: Clareza | F11: Legibilidade | G11: Precisão | H11: Eficácia | I11: Completude | J11: Média Qualitativa
B13: ChatGPT | C13: =AVERAGE(C3,C5,C7) -> 8.8688117 | D13: =AVERAGE(D3,D5,D7) -> 620.5 | E13: =AVERAGE(E3,E5,E7) -> 3.7777778 | F13: =AVERAGE(F3,F5,F7) -> 3.6666667 | G13: =AVERAGE(G3,G5,G7) -> 3.8888889 | H13: =AVERAGE(H3,H5,H7) -> 3.7777778 | I13: =AVERAGE(I3,I5,I7) -> 3.9444444 | J13: =AVERAGE(J3,J5,J7) -> 3.8111111
B14: Gemini | C14: =AVERAGE(C4,C6,C8) -> 17.242012 | D14: =AVERAGE(D4,D6,D8) -> 3562.8889 | E14: =AVERAGE(E4,E6,E8) -> 4.1666667 | F14: =AVERAGE(F4,F6,F8) -> 3.3333333 | G14: =AVERAGE(G4,G6,G8) -> 4.6111111 | H14: =AVERAGE(H4,H6,H8) -> 4.2222222 | I14: =AVERAGE(I4,I6,I8) -> 4.8888889 | J14: =AVERAGE(J4,J6,J8) -> 4.2444444
